transaction_type,amount_type,amount_description,record_ref,to_summary_field_when_positive_amount,to_summary_field_when_negative_amount
FBAFEES,AWD_STORAGE_FEE,DISCOUNT_ON_FEE,txn_ref+FBA_TRANSACTION_FEES_AWD_STORAGE_FEE+settlement_id+date,expenses_fba_fees,expenses_fba_fees
FBAFEES,AWD_PROCESSING_FEE,BASE_FEE,txn_ref+FBA_TRANSACTION_FEES_AWD_PROCESSING_FEE+settlement_id+date,expenses_fba_fees,expenses_fba_fees
REFUND,ITEMPRICE,TAX,txn_ref+sku+date,total_refund_expense_or_sales_amt,refunded_expenses
REFUND,ITEMPRICE,GIFTWRAP,txn_ref+sku+date,total_refund_expense_or_sales_amt,total_refund_expense_or_sales_amt
REFUND,ITEMPRICE,GOODWILL,txn_ref+sku+date,total_refund_expense_or_sales_amt,total_refund_expense_or_sales_amt
REFUND,ITEMPRICE,RESTOCKINGFEE,txn_ref+sku+date,total_refund_expense_or_sales_amt,total_refund_expense_or_sales_amt
SERVICEFEE,REFUND_FOR_ADVERTISER,TRANSACTIONTOTALAMOUNT,SERVICE_FEE_REFUND_FOR_ADVERTISER+settlement_id+date,sales_other,sales_other
ORDER_RETROCHARGE,ITEMPRICE,TAX,txn_ref+ORDER_RETROCHARGE+settlement_id+date,sales_other,sales_other
REFUND,ITEMPRICE,SHIPPING,txn_ref+sku+date,refunded_sales,refunded_sales
REFUND,ITEMPRICE,SHIPPINGTAX,txn_ref+sku+date,refunded_expenses,refunded_expenses
REFUND,ITEMPRICE,GIFTWRAPTAX,txn_ref+sku+date,refunded_expenses,refunded_expenses
REFUND,ITEMPRICE,PRINCIPAL,txn_ref+sku+date,refunded_sales,refunded_sales
REFUND,ITEMFEES,REMOTEFULFILLMENTCREDIT,txn_ref+sku+date,refunded_expenses,refunded_expenses
REFUND,ITEMFEES,GIFTWRAPCHARGEBACK,txn_ref+sku+date,refunded_expenses,refunded_expenses
REFUND,ITEMFEES,SHIPPINGCHARGEBACK,txn_ref+sku+date,refunded_expenses,refunded_expenses
REFUND,ITEMFEES,COMMISSION,txn_ref+sku+date,refunded_expenses,refunded_expenses
REFUND,ITEMFEES,REFUNDCOMMISSION,txn_ref+sku+date,refunded_expenses,refunded_expenses
REFUND,ITEMFEES,DIGITALSERVICESFEE,txn_ref+sku+date,refunded_expenses,refunded_expenses
REFUND,PROMOTION,TAXDISCOUNT,txn_ref+sku+date,refunded_expenses,refunded_expenses
REFUND,PROMOTION,PRINCIPAL,txn_ref+sku+date,refunded_expenses,refunded_expenses
REFUND,PROMOTION,SHIPPING,txn_ref+sku+date,refunded_expenses,refunded_expenses
OTHER-TRANSACTION,OTHER-TRANSACTION,DISPOSALCOMPLETE,txn_ref+FBA_DISPOSAL_FEE+settlement_id+date,expenses_fba_fees,expenses_fba_fees
OTHER-TRANSACTION,OTHER-TRANSACTION,FBA_INBOUND_PLACEMENT_SERVICE_FEE,shipment_id+SERVICE_FEE_FBA_INBOUND_PLACEMENT_SERVICE_FEE+settlement_id+date,expenses_fba_fees,expenses_fba_fees
OTHER-TRANSACTION,OTHER-TRANSACTION,SUBSCRIPTION_FEE,SERVICE_FEE_SUBSCRIPTION+settlement_id+date,expenses_amazon_fees,expenses_amazon_fees
OTHER-TRANSACTION,OTHER-TRANSACTION,SHIPPING_LABEL_PURCHASE_FOR_RETURN,txn_ref+SHIPPING_RETURN_POSTAGE+settlement_id+date,expenses_other,expenses_other
OTHER-TRANSACTION,OTHER-TRANSACTION,FBAINBOUNDTRANSPORTATIONFEE,FBA_INVENTORY_FEE_FBA_AMAZON-PARTNERED_CARRIER_SHIPMENT_FEE+settlement_id+date,expenses_fba_fees,expenses_fba_fees
OTHER-TRANSACTION,OTHER-TRANSACTION,MISCADJUSTMENT,ADJUSTMENT_OTHER+settlement_id+date,total_adjustment_other_buyer_recharge_amt,total_adjustment_other_buyer_recharge_amt
FBAFEES,AWD_TRANSPORTATION_FEE,BASE_FEE,txn_ref+FBA_TRANSACTION_FEES_AWD_TRANSPORTATION_FEE+settlement_id+date,expenses_fba_fees,expenses_fba_fees
OTHER-TRANSACTION,OTHER-TRANSACTION,BUYERRECHARGE,ADJUSTMENT_BUYER_RECHARGE+settlement_id+date,total_adjustment_other_buyer_recharge_amt,total_adjustment_other_buyer_recharge_amt
OTHER-TRANSACTION,OTHER-TRANSACTION,CURRENT_RESERVE_AMOUNT,CURRENT_RESERVE_AMOUNT+settlement_id+date,current_reserve_amount,current_reserve_amount
OTHER-TRANSACTION,OTHER-TRANSACTION,SUCCESSFUL_CHARGE,OTHER_DEBT+settlement_id+date,paid_to_amazon,paid_to_amazon
OTHER-TRANSACTION,OTHER-TRANSACTION,PREVIOUS_RESERVE_AMOUNT_BALANCE,PREVIOUS_RESERVE_AMOUNT_BALANCE+settlement_id+date,beginning_balance,beginning_balance
OTHER-TRANSACTION,OTHER-TRANSACTION,REMOVALCOMPLETE,txn_ref+FBA_RETURN_FEE+settlement_id+date,expenses_fba_fees,expenses_fba_fees
OTHER-TRANSACTION,OTHER-TRANSACTION,AGSGLOBALINBOUNDTRANSPORTATION,txn_ref+FBA_INTERNATIONAL_SHIPPING_CHARGE+settlement_id+date,expenses_fba_fees,expenses_fba_fees
OTHER-TRANSACTION,OTHER-TRANSACTION,STORAGE_FEE,FBA_INVENTORY_FEE_FBA_STORAGE_FEE+settlement_id+date,expenses_fba_fees,expenses_fba_fees
OTHER-TRANSACTION,OTHER-TRANSACTION,PAYABLE_TO_AMAZON,PAYABLE_TO_AMAZON+settlement_id+date,amazon_carried_forward,amazon_carried_forward
OTHER-TRANSACTION,OTHER-TRANSACTION,PAID_SERVICES_FEE,txn_ref+SERVICE_FEE_PREMIUM_SERVICES_FEE+settlement_id+date,expenses_amazon_fees,expenses_amazon_fees
OTHER-TRANSACTION,OTHER-TRANSACTION,NONSUBSCRIPTIONFEEADJ,ADJUSTMENT_NON_SUBSCRIPTION_FEE_ADJUSTMENT+settlement_id+date,sales_other,sales_other
OTHER-TRANSACTION,OTHER-TRANSACTION,STORAGERENEWALBILLING,FBA_INVENTORY_FEE_FBA_LONG-TERM_STORAGE_FEE+settlement_id+date,expenses_fba_fees,expenses_fba_fees
OTHER-TRANSACTION,OTHER-TRANSACTION,ADJUSTMENT,txn_ref+SHIPPING_ADJUSTMENT+settlement_id+date,sales_other,expenses_other
OTHER-TRANSACTION,OTHER-TRANSACTION,INCOME_TAX_CHARGED,INCOME_TAX_CHARGED+settlement_id+date,expenses_other,expenses_other
OTHER-TRANSACTION,CAPACITY_RESERVATION_FEE,PERFORMANCE_CREDITS,CAPACITY_RESERVATION_FEE+settlement_id+date,expenses_fba_fees,expenses_fba_fees
OTHER-TRANSACTION,CAPACITY_RESERVATION_FEE,RESERVATION_FEE,CAPACITY_RESERVATION_FEE+settlement_id+date,expenses_fba_fees,expenses_fba_fees
OTHER-TRANSACTION,CAPACITY_RESERVATION_FEE,TAX,CAPACITY_RESERVATION_FEE+settlement_id+date,expenses_fba_fees,expenses_fba_fees
OTHER-TRANSACTION,AMAZON_WAREHOUSING_&_DISTRIBUTION_(AWD),AWD_TRANSPORTATION_FEE,txn_ref+SERVICE_FEE_AWD_TRANSPORTATION_FEES+settlement_id+date,expenses_fba_fees,expenses_fba_fees
OTHER-TRANSACTION,AMAZON_WAREHOUSING_&_DISTRIBUTION_(AWD),AWD_PROCESSING_FEE,txn_ref+SERVICE_FEE_AWD_PROCESSING_FEES+settlement_id+date,expenses_fba_fees,expenses_fba_fees
OTHER-TRANSACTION,AMAZON_WAREHOUSING_&_DISTRIBUTION_(AWD),AWD_STORAGE_FEE,txn_ref+AWD_STORAGE_FEE+settlement_id+date,expenses_fba_fees,expenses_fba_fees
OTHER-TRANSACTION,INBOUND_DEFECT_FEE,any,shipment_id+INBOUND_DEFECT_FEE+settlement_id+date,expenses_fba_fees,expenses_fba_fees
OTHER-TRANSACTION,FBA_INVENTORY_REIMBURSEMENT,FREE_REPLACEMENT_REFUND_ITEMS,txn_ref+sku+ADJUSTMENT+settlement_id+date,sales_inventory_reimbursements,expenses_reversed_reimbursements
OTHER-TRANSACTION,FBA_INVENTORY_REIMBURSEMENT,REVERSAL_REIMBURSEMENT,txn_ref+sku+ADJUSTMENT+settlement_id+date,sales_inventory_reimbursements,expenses_reversed_reimbursements
OTHER-TRANSACTION,FBA_INVENTORY_REIMBURSEMENT,WAREHOUSE_LOST,LOST:WAREHOUSE+sku+settlement_id+date,sales_inventory_reimbursements,expenses_reversed_reimbursements
OTHER-TRANSACTION,FBA_INVENTORY_REIMBURSEMENT,WAREHOUSE_DAMAGE_EXCEPTION,DAMAGED:WAREHOUSE+sku+settlement_id+date,sales_inventory_reimbursements,expenses_reversed_reimbursements
OTHER-TRANSACTION,FBA_INVENTORY_REIMBURSEMENT,RE_EVALUATION,GENERAL ADJUSTMENT+sku+settlement_id+date,sales_inventory_reimbursements,expenses_reversed_reimbursements
OTHER-TRANSACTION,FBA_INVENTORY_REIMBURSEMENT,WAREHOUSE_DAMAGE,DAMAGED:WAREHOUSE+sku+settlement_id+date,sales_inventory_reimbursements,expenses_reversed_reimbursements
OTHER-TRANSACTION,FBA_INVENTORY_REIMBURSEMENT,MISSING_FROM_INBOUND_CLAWBACK,GENERAL ADJUSTMENT+sku+settlement_id+date,sales_inventory_reimbursements,expenses_reversed_reimbursements
OTHER-TRANSACTION,FBA_INVENTORY_REIMBURSEMENT,MISSING_FROM_INBOUND,LOST:INBOUND+sku+settlement_id+date,sales_inventory_reimbursements,expenses_reversed_reimbursements
OTHER-TRANSACTION,FBA_INVENTORY_REIMBURSEMENT,CS_ERROR_ITEMS,txn_ref+sku+ADJUSTMENT+settlement_id+date,sales_inventory_reimbursements,expenses_reversed_reimbursements
OTHER-TRANSACTION,FBA_INVENTORY_REIMBURSEMENT,WAREHOUSE_LOST_MANUAL,LOST:WAREHOUSE+sku+settlement_id+date,sales_inventory_reimbursements,expenses_reversed_reimbursements
TRANSFERS,MICRO_DEPOSIT,MICRO_DEPOSIT,MICRO_DEPOSIT+settlement_id+date,bank_account_transfer_round_off,bank_account_transfer_round_off
ORDER,ITEMPRICE,GIFTWRAPTAX,txn_ref+sku+date,sales_other,sales_other
ORDER,ITEMPRICE,SHIPPING,txn_ref+sku+date,sales_shipping,sales_shipping
ORDER,ITEMPRICE,SHIPPINGTAX,txn_ref+sku+date,sales_shipping,sales_shipping
ORDER,ITEMPRICE,PRINCIPAL,txn_ref+sku+date,sales_product_charges,sales_product_charges
ORDER,ITEMPRICE,TAX,txn_ref+sku+date,sales_product_charges,sales_product_charges
ORDER,ITEMPRICE,GIFTWRAP,txn_ref+sku+date,sales_other,sales_other
ORDER,ITEMFEES,FBAPERUNITFULFILLMENTFEE,txn_ref+sku+date,expenses_amazon_fees,expenses_amazon_fees
ORDER,ITEMFEES,GIFTWRAPCHARGEBACK,txn_ref+sku+date,expenses_amazon_fees,expenses_amazon_fees
ORDER,ITEMFEES,SHIPPINGCHARGEBACK,txn_ref+sku+date,expenses_amazon_fees,expenses_amazon_fees
ORDER,ITEMFEES,COMMISSION,txn_ref+sku+date,expenses_amazon_fees,expenses_amazon_fees
ORDER,ITEMFEES,DIGITALSERVICESFEE,txn_ref+sku+date,expenses_amazon_fees,expenses_amazon_fees
ORDER,PROMOTION,PRINCIPAL,txn_ref+sku+date,expenses_promotional_rebates,expenses_promotional_rebates
ORDER,PROMOTION,SHIPPING,txn_ref+sku+date,expenses_promotional_rebates,expenses_promotional_rebates
ORDER,POINTS,POINTSGRANTED,txn_ref+sku+date,expenses_other,expenses_other
COMMINGLING_VAT,OTHER-TRANSACTION,COMMINGLING_VAT,txn_ref+date,sales_tax,sales_tax
FBAFEES,FBA_CUSTOMER_RETURNS_FEE,BASE_FEE,FBA_TRANSACTION_FEES_FBA_CUSTOMER_RETURNS_FEE+settlement_id+date,expenses_fba_fees,expenses_fba_fees
FBAFEES,AWD_STORAGE_FEE,BASE_FEE,txn_ref+FBA_TRANSACTION_FEES_AWD_STORAGE_FEE+settlement_id+date,expenses_fba_fees,expenses_fba_fees
LIQUIDATIONS_ADJUSTMENTS,ITEMWITHHELDTAX,MARKETPLACEFACILITATORTAX-PRINCIPAL,txn_ref+sku+date,sales_other,sales_other
SAFE-T_REIMBURSEMENT,OTHER_TRANSACTIONS,SAFE-T_REIMBURSEMENT,txn_ref+sku+settlement_id+date,sales_inventory_reimbursements,sales_inventory_reimbursements
A-TO-Z_GUARANTEE_REFUND,ITEMWITHHELDTAX,MARKETPLACEFACILITATORTAX-PRINCIPAL,txn_ref+sku+date,refunded_expenses,refunded_expenses
A-TO-Z_GUARANTEE_REFUND,ITEMPRICE,TAX,txn_ref+sku+date,refunded_expenses,refunded_expenses
A-TO-Z_GUARANTEE_REFUND,ITEMPRICE,PRINCIPAL,txn_ref+sku+date,expenses_other,expenses_other
A-TO-Z_GUARANTEE_REFUND,ITEMFEES,COMMISSION,txn_ref+sku+date,sales_amazon_fees,sales_amazon_fees
A-TO-Z_GUARANTEE_REFUND,ITEMFEES,REFUNDCOMMISSION,txn_ref+sku+date,sales_amazon_fees,sales_amazon_fees
ORDER_RETROCHARGE,ITEMPRICE,SHIPPINGTAX,txn_ref+ORDER_RETROCHARGE+settlement_id+date,sales_other,sales_other
ORDER_RETROCHARGE,ITEMWITHHELDTAX,MARKETPLACEFACILITATORTAX-PRINCIPAL,txn_ref+ORDER_RETROCHARGE+settlement_id+date,expenses_other,expenses_other
ORDER_RETROCHARGE,ITEMWITHHELDTAX,MARKETPLACEFACILITATORTAX-SHIPPING,txn_ref+ORDER_RETROCHARGE+settlement_id+date,expenses_other,expenses_other
ORDER_RETROCHARGE,ITEMWITHHELDTAX,MARKETPLACEFACILITATORVAT-PRINCIPAL,txn_ref+ORDER_RETROCHARGE+settlement_id+date,expenses_other,expenses_other
ORDER_RETROCHARGE,ITEMWITHHELDTAX,MARKETPLACEFACILITATORVAT-SHIPPING,txn_ref+ORDER_RETROCHARGE+settlement_id+date,expenses_other,expenses_other
PROMOTION_FEE,PROMOTIONFEE,PROMOTION_FEE,merchant_order_id+settlement_id+date,expenses_amazon_fees,expenses_amazon_fees
PROMOTION_FEE,PROMOTIONFEE,PROMOTION_FEE_SPECIAL,merchant_order_id+settlement_id+date,expenses_amazon_fees,expenses_amazon_fees
PROMOTION_FEE,DEALS,PROMOTION_FEE,DEALS_PROMOTION_FEE+settlement_id+date,expenses_amazon_fees,expenses_amazon_fees
PROMOTION_FEE,DEALS,PROMOTION_FEE_SPECIAL,DEALS_PROMOTION_FEE_SPECIAL+settlement_id+date,expenses_amazon_fees,expenses_amazon_fees
REFUND_RETROCHARGE,ITEMPRICE,TAX,txn_ref+REFUND_RETROCHARGE+settlement_id+date,expenses_other,expenses_other
ORDER,PROMOTION,TAXDISCOUNT,txn_ref+sku+date,sales_shipping,sales_shipping
REFUND_RETROCHARGE,ITEMPRICE,SHIPPINGTAX,txn_ref+REFUND_RETROCHARGE+settlement_id+date,expenses_other,expenses_other
REFUND_RETROCHARGE,ITEMWITHHELDTAX,MARKETPLACEFACILITATORTAX-SHIPPING,txn_ref+REFUND_RETROCHARGE+settlement_id+date,sales_other,sales_other
REFUND_RETROCHARGE,ITEMWITHHELDTAX,MARKETPLACEFACILITATORTAX-PRINCIPAL,txn_ref+REFUND_RETROCHARGE+settlement_id+date,sales_other,sales_other
VINE_ENROLLMENT_FEE,VINE_ENROLLMENT_FEE,VINE_ENROLLMENT_FEE,txn_ref+sku+date,expenses_amazon_fees,expenses_amazon_fees
AMAZONFEES,VINE_ENROLLMENT_FEE,TAX_ON_FEE,AMAZON_FEES_VINE_ENROLLMENT_FEE+settlement_id+date,expenses_amazon_fees,expenses_amazon_fees
AMAZONFEES,VINE_ENROLLMENT_FEE,BASE_FEE,AMAZON_FEES_VINE_ENROLLMENT_FEE+settlement_id+date,expenses_amazon_fees,expenses_amazon_fees
AMAZONFEES,VINE_ENROLLMENT_FEE,DISCOUNT_ON_FEE,AMAZON_FEES_VINE_ENROLLMENT_FEE+settlement_id+date,expenses_amazon_fees,expenses_amazon_fees
CHARGEBACK_REFUND,ITEMWITHHELDTAX,MARKETPLACEFACILITATORTAX-PRINCIPAL,txn_ref+sku+date,expenses_other,expenses_other
CHARGEBACK_REFUND,ITEMWITHHELDTAX,MARKETPLACEFACILITATORVAT-PRINCIPAL,txn_ref+sku+date,expenses_other,expenses_other
CHARGEBACK_REFUND,ITEMWITHHELDTAX,MARKETPLACEFACILITATORVAT-SHIPPING,txn_ref+sku+date,expenses_other,expenses_other
CHARGEBACK_REFUND,ITEMPRICE,PRINCIPAL,txn_ref+sku+date,expenses_other,expenses_other
CHARGEBACK_REFUND,ITEMPRICE,TAX,txn_ref+sku+date,expenses_other,expenses_other
CHARGEBACK_REFUND,ITEMPRICE,SHIPPING,txn_ref+sku+date,expenses_other,expenses_other
CHARGEBACK_REFUND,ITEMPRICE,SHIPPINGTAX,txn_ref+sku+date,expenses_other,expenses_other
CHARGEBACK_REFUND,ITEMFEES,SHIPPINGCHARGEBACK,txn_ref+sku+date,sales_amazon_fees,sales_amazon_fees
CHARGEBACK_REFUND,ITEMFEES,COMMISSION,txn_ref+sku+date,sales_amazon_fees,sales_amazon_fees
CHARGEBACK_REFUND,ITEMFEES,REFUNDCOMMISSION,txn_ref+sku+date,sales_amazon_fees,sales_amazon_fees
COUPONREDEMPTIONFEE,COUPONREDEMPTIONFEE,any,txn_ref+SERVICE_FEE_COUPON_REDEMPTION_FEE+settlement_id+date,expenses_other,expenses_other
SERVICEFEE,COST_OF_ADVERTISING,TRANSACTIONTOTALAMOUNT,SERVICE_FEE_COST_OF_ADVERTISING+settlement_id+date,expenses_cost_of_advertising,expenses_cost_of_advertising
SERVICEFEE,DEALS,PROMOTION_FEE,DEALS_PROMOTION_FEE+settlement_id+date,expenses_amazon_fees,expenses_amazon_fees
SERVICEFEE,DEALS,PROMOTION_FEE_SPECIAL,DEALS_PROMOTION_FEE_SPECIAL+settlement_id+date,expenses_amazon_fees,expenses_amazon_fees
ORDER,ITEMFEES,SALESTAXSERVICEFEE,txn_ref+sku+date,expenses_amazon_fees,expenses_amazon_fees
ORDER,ITEMWITHHELDTAX,LOWVALUEGOODSTAX-SHIPPING,txn_ref+sku+date,sales_shipping,sales_shipping
ORDER,ITEMWITHHELDTAX,LOWVALUEGOODSTAX-PRINCIPAL,txn_ref+sku+date,sales_product_charges,sales_product_charges
REFUND,ITEMWITHHELDTAX,any,txn_ref+sku+date,refunded_expenses,refunded_expenses
REFUND,ITEMPRICE,RETURNSHIPPING,txn_ref+sku+date,refunded_expenses,refunded_expenses
OTHER-TRANSACTION,FBA_INVENTORY_REIMBURSEMENT,COMPENSATED_CLAWBACK,GENERAL ADJUSTMENT+sku+settlement_id+date,sales_inventory_reimbursements,expenses_reversed_reimbursements
LIQUIDATIONS_ADJUSTMENTS,ITEMPRICE,TAX,txn_ref+sku+date,expenses_other,expenses_other
OTHER-TRANSACTION,OTHER-TRANSACTION,TRANSFER_OF_FUNDS_UNSUCCESSFUL:_WE_COULD_NOT_TRANSFER_FUNDS_TO_YOUR_BANK_ACCOUNT_BECAUSE_THE_ACCOUNT_INFORMATION_ON_FILE_IS_INVALID._PLEASE_UPDATE_YOUR_BANK_ACCOUNT_INFORMATION.,,,
SELLER_REWARDS,SELLER_REWARDS,SELLER_REWARDS,SELLER_REWARDS+settlement_id+date,sales_other,sales_other
OTHER-TRANSACTION,MCF_INVENTORY_REIMBURSEMENT,MULTICHANNEL_ORDER_LOST,txn_ref+sku+MCF_INVENTORY_REIMBURSEMENT_LOST+settlement_id+date,sales_inventory_reimbursements,expenses_reversed_reimbursements
ORDER,ITEMWITHHELDTAX,LOWVALUEGOODSTAX-OTHER,txn_ref+sku+date,sales_other,sales_other
FBAFEES,FBA_REMOVAL_ORDER:_DISPOSAL_FEE,BASE_FEE,txn_ref+FBA_DISPOSAL_FEE+settlement_id+date,expenses_fba_fees,expenses_fba_fees
FBAFEES,FBA_REMOVAL_ORDER:_DISPOSAL_FEE,TAX_ON_FEE,txn_ref+FBA_DISPOSAL_FEE+settlement_id+date,expenses_fba_fees,expenses_fba_fees
FBAFEES,FBA_INVENTORY_STORAGE_FEE,BASE_FEE,FBA_INVENTORY_STORAGE_FEE+settlement_id+date,expenses_fba_fees,expenses_fba_fees
FBAFEES,FBA_INVENTORY_STORAGE_FEE,TAX_ON_FEE,FBA_INVENTORY_STORAGE_FEE+settlement_id+date,expenses_fba_fees,expenses_fba_fees
FBAFEES,FBA_REMOVAL_ORDER:_RETURN_FEE,BASE_FEE,txn_ref+FBA_RETURN_FEE+settlement_id+date,expenses_fba_fees,expenses_fba_fees
FBAFEES,FBA_REMOVAL_ORDER:_RETURN_FEE,TAX_ON_FEE,txn_ref+FBA_RETURN_FEE+settlement_id+date,expenses_fba_fees,expenses_fba_fees
FBAFEES,FBA_LONG_TERM_STORAGE_FEE,BASE_FEE,FBA_INVENTORY_FEE_FBA_LONG-TERM_STORAGE_FEE+settlement_id+date,expenses_fba_fees,expenses_fba_fees
FBAFEES,FBA_LONG_TERM_STORAGE_FEE,TAX_ON_FEE,FBA_INVENTORY_FEE_FBA_LONG-TERM_STORAGE_FEE+settlement_id+date,expenses_fba_fees,expenses_fba_fees
FBAFEES,FBA_AMAZON-PARTNERED_CARRIER_SHIPMENT_FEE,BASE_FEE,FBA_INVENTORY_FEE_FBA_AMAZON-PARTNERED_CARRIER_SHIPMENT_FEE+settlement_id+date,expenses_fba_fees,expenses_fba_fees
FBAFEES,FBA_AMAZON-PARTNERED_CARRIER_SHIPMENT_FEE,TAX_ON_FEE,FBA_INVENTORY_FEE_FBA_AMAZON-PARTNERED_CARRIER_SHIPMENT_FEE+settlement_id+date,expenses_fba_fees,expenses_fba_fees
OTHER-TRANSACTION,OTHER-TRANSACTION,PROMOTION_ADJUSTMENT,ADJUSTMENT_OTHER+settlement_id+date+record_type+settlement_id,total_adjustment_other_buyer_recharge_amt,total_adjustment_other_buyer_recharge_amt
