transaction_type,description,amount_field,record_ref,to_summary_field_when_positive_amount,to_summary_field_when_negative_amount
ADJUSTMENT,COMMISSION_ADJUSTMENT,total,ADJUSTMENT_OTHER+settlement_id+date,,
ORDER_RETROCHARGE,any,low_value_goods,txn_ref+ORDER_RETROCHARGE+settlement_id+date,expenses_other,expenses_other
REFUND,any,low_value_goods,txn_ref+sku+date,,
ORDER,any,low_value_goods,txn_ref+sku+date,sales_shipping,sales_shipping
ORDER,any,low_value_goods,txn_ref+sku+date,sales_product_charges,sales_product_charges
SERVICE_FEE,AWD_STORAGE_FEES,total,txn_ref+AWD_STORAGE_FEES+settlement_id+date,,
DEALS,any,total,txn_ref+settlement_id+date,expenses_amazon_fees,expenses_amazon_fees
REFUND,any,product_sales,txn_ref+sku+date,refunded_sales,refunded_sales
REFUND,any,shipping_credits,txn_ref+sku+date,refunded_sales,refunded_sales
REFUND,any,fba_fees,txn_ref+sku+date,refunded_expenses,refunded_expenses
REFUND,any,other_transaction_fees,txn_ref+sku+date,refunded_expenses,refunded_expenses
REFUND,any,marketplace_withheld_tax,txn_ref+sku+date,,
REFUND,any,sales_tax_collected,txn_ref+sku+date,,
REFUND,any,gift_wrap_credits,txn_ref+sku+date,total_refund_expense_or_sales_amt,total_refund_expense_or_sales_amt
REFUND,any,other,txn_ref+sku+date,total_refund_expense_or_sales_amt,total_refund_expense_or_sales_amt
REFUND,any,promotional_rebates,txn_ref+sku+date,refunded_expenses,refunded_expenses
REFUND,any,selling_fees,txn_ref+sku+date,refunded_expenses,refunded_expenses
REFUND,any,total,txn_ref+sku+date,,
ADJUSTMENT,BUYER_RECHARGE,other,ADJUSTMENT_BUYER_RECHARGE+settlement_id+date,total_adjustment_other_buyer_recharge_amt,total_adjustment_other_buyer_recharge_amt
ADJUSTMENT,BUYER_RECHARGE,total,ADJUSTMENT_BUYER_RECHARGE+settlement_id+date,,
ADJUSTMENT,NON-SUBSCRIPTION_FEE_ADJUSTMENT,other,ADJUSTMENT_NON_SUBSCRIPTION_FEE_ADJUSTMENT+settlement_id+date,sales_other,sales_other
ADJUSTMENT,NON-SUBSCRIPTION_FEE_ADJUSTMENT,total,ADJUSTMENT_NON_SUBSCRIPTION_FEE_ADJUSTMENT+settlement_id+date,,
ADJUSTMENT,FBA_INVENTORY_REIMBURSEMENT_-_LOST:WAREHOUSE,other,LOST:WAREHOUSE+sku+settlement_id+date,sales_inventory_reimbursements,expenses_reversed_reimbursements
ADJUSTMENT,FBA_INVENTORY_REIMBURSEMENT_-_LOST:WAREHOUSE,total,LOST:WAREHOUSE+sku+settlement_id+date,,
ADJUSTMENT,FBA_INVENTORY_REIMBURSEMENT_-_GENERAL_ADJUSTMENT,other,GENERAL ADJUSTMENT+sku+settlement_id+date,sales_inventory_reimbursements,expenses_reversed_reimbursements
ADJUSTMENT,FBA_INVENTORY_REIMBURSEMENT_-_GENERAL_ADJUSTMENT,total,GENERAL ADJUSTMENT+sku+settlement_id+date,,
ADJUSTMENT,FBA_INVENTORY_REIMBURSEMENT_-_CUSTOMER_RETURN,other,txn_ref+sku+ADJUSTMENT+settlement_id+date,sales_inventory_reimbursements,expenses_reversed_reimbursements
ADJUSTMENT,FBA_INVENTORY_REIMBURSEMENT_-_CUSTOMER_RETURN,total,txn_ref+sku+ADJUSTMENT+settlement_id+date,,
ADJUSTMENT,FBA_INVENTORY_REIMBURSEMENT_-_FEE_CORRECTION,total,FBA_INVENTORY_REIMBURSEMENT_FEE_CORRECTION+settlement_id+date,,
ADJUSTMENT,FBA_INVENTORY_REIMBURSEMENT_-_FEE_CORRECTION,other,FBA_INVENTORY_REIMBURSEMENT_FEE_CORRECTION+settlement_id+date,sales_other,
ADJUSTMENT,FBA_INVENTORY_REIMBURSEMENT_-_LOST:INBOUND,other,LOST:INBOUND+sku+settlement_id+date,sales_inventory_reimbursements,expenses_reversed_reimbursements
ADJUSTMENT,FBA_INVENTORY_REIMBURSEMENT_-_LOST:INBOUND,total,LOST:INBOUND+sku+settlement_id+date,,
ADJUSTMENT,FBA_INVENTORY_REIMBURSEMENT_-_DAMAGED:WAREHOUSE,other,DAMAGED:WAREHOUSE+sku+settlement_id+date,sales_inventory_reimbursements,expenses_reversed_reimbursements
ADJUSTMENT,FBA_INVENTORY_REIMBURSEMENT_-_DAMAGED:WAREHOUSE,total,DAMAGED:WAREHOUSE+sku+settlement_id+date,,
ADJUSTMENT,FBA_INVENTORY_REIMBURSEMENT_-_CUSTOMER_SERVICE_ISSUE,other,txn_ref+sku+ADJUSTMENT+settlement_id+date,sales_inventory_reimbursements,expenses_reversed_reimbursements
ADJUSTMENT,FBA_INVENTORY_REIMBURSEMENT_-_CUSTOMER_SERVICE_ISSUE,total,txn_ref+sku+ADJUSTMENT+settlement_id+date,,
ADJUSTMENT,OTHER,other,ADJUSTMENT_OTHER+settlement_id+date,total_adjustment_other_buyer_recharge_amt,total_adjustment_other_buyer_recharge_amt
ADJUSTMENT,OTHER,total,ADJUSTMENT_OTHER+settlement_id+date,,
COMMINGLING_VAT,any,other,txn_ref+date,sales_tax,sales_tax
COMMINGLING_VAT,any,total,txn_ref+date,,
FULFILMENT_BY_AMAZON_INVENTORY_FEE,FBA_REMOVAL_ORDER:_RETURN_FEE,other,txn_ref+FBA_RETURN_FEE+settlement_id+date,expenses_fba_fees,expenses_fba_fees
FULFILMENT_BY_AMAZON_INVENTORY_FEE,FBA_REMOVAL_ORDER:_RETURN_FEE,total,txn_ref+FBA_RETURN_FEE+settlement_id+date,,
FULFILMENT_BY_AMAZON_INVENTORY_FEE,FULFILMENT_BY_AMAZON_REMOVAL_ORDER:_DISPOSAL_FEE,other,txn_ref+FBA_DISPOSAL_FEE+settlement_id+date,expenses_fba_fees,expenses_fba_fees
FULFILMENT_BY_AMAZON_INVENTORY_FEE,FULFILMENT_BY_AMAZON_REMOVAL_ORDER:_DISPOSAL_FEE,total,txn_ref+FBA_DISPOSAL_FEE+settlement_id+date,,
FULFILMENT_BY_AMAZON_INVENTORY_FEE,CAPACITY_RESERVATION_FEE,fba_fees,CAPACITY_RESERVATION_FEE+settlement_id+date,expenses_fba_fees,expenses_fba_fees
FULFILMENT_BY_AMAZON_INVENTORY_FEE,CAPACITY_RESERVATION_FEE,total,CAPACITY_RESERVATION_FEE+settlement_id+date,,
FULFILMENT_BY_AMAZON_INVENTORY_FEE,FBA_AMAZON-PARTNERED_CARRIER_SHIPMENT_FEE,other,FBA_INVENTORY_FEE_FBA_AMAZON-PARTNERED_CARRIER_SHIPMENT_FEE+settlement_id+date,expenses_fba_fees,expenses_fba_fees
FULFILMENT_BY_AMAZON_INVENTORY_FEE,FBA_AMAZON-PARTNERED_CARRIER_SHIPMENT_FEE,total,FBA_INVENTORY_FEE_FBA_AMAZON-PARTNERED_CARRIER_SHIPMENT_FEE+settlement_id+date,,
FULFILMENT_BY_AMAZON_INVENTORY_FEE,FBA_LONG-TERM_STORAGE_FEE,other,FBA_INVENTORY_FEE_FBA_LONG-TERM_STORAGE_FEE+settlement_id+date,expenses_fba_fees,expenses_fba_fees
FULFILMENT_BY_AMAZON_INVENTORY_FEE,FBA_LONG-TERM_STORAGE_FEE,total,FBA_INVENTORY_FEE_FBA_LONG-TERM_STORAGE_FEE+settlement_id+date,,
FULFILMENT_BY_AMAZON_INVENTORY_FEE,FBA_STORAGE_FEE,other,FBA_INVENTORY_FEE_FBA_STORAGE_FEE+settlement_id+date,expenses_fba_fees,expenses_fba_fees
FULFILMENT_BY_AMAZON_INVENTORY_FEE,FBA_STORAGE_FEE,total,FBA_INVENTORY_FEE_FBA_STORAGE_FEE+settlement_id+date,,
FULFILMENT_BY_AMAZON_INVENTORY_FEE,FBA_REMOVAL_ORDER:_DISPOSAL_FEE,other,txn_ref+FBA_DISPOSAL_FEE+settlement_id+date,expenses_fba_fees,expenses_fba_fees
FULFILMENT_BY_AMAZON_INVENTORY_FEE,FBA_REMOVAL_ORDER:_DISPOSAL_FEE,total,txn_ref+FBA_DISPOSAL_FEE+settlement_id+date,,
FULFILMENT_BY_AMAZON_INVENTORY_FEE,FBA_DISPOSAL_FEE,other,txn_ref+FBA_DISPOSAL_FEE+settlement_id+date,expenses_fba_fees,expenses_fba_fees
FULFILMENT_BY_AMAZON_INVENTORY_FEE,FBA_DISPOSAL_FEE,total,txn_ref+FBA_DISPOSAL_FEE+settlement_id+date,,
SAFE-T_REIMBURSEMENT,SAFE-T_CLAIM_ID,total,txn_ref+sku+settlement_id+date,,
SAFE-T_REIMBURSEMENT,SAFE-T_CLAIM_ID,other,txn_ref+sku+settlement_id+date,expenses_fba_fees,expenses_fba_fees
TRANSFER,MICRO_DEPOSIT,total,MICRO_DEPOSIT+settlement_id+date,,
TRANSFER,MICRO_DEPOSIT,other,MICRO_DEPOSIT+settlement_id+date,bank_account_transfer_round_off,bank_account_transfer_round_off
TRANSFER,TO_YOUR_ACCOUNT_ENDING,total,TRANSFER+description+settlement_id+date,,
TRANSFER,TO_ACCOUNT_ENDING,total,TRANSFER+description+settlement_id+date,,
ORDER,any,selling_fees,txn_ref+sku+date,expenses_amazon_fees,expenses_amazon_fees
ORDER,any,promotional_rebates,txn_ref+sku+date,expenses_other,expenses_other
ORDER,any,other_transaction_fees,txn_ref+sku+date,expenses_amazon_fees,expenses_amazon_fees
ORDER,any,product_sales,txn_ref+sku+date,sales_product_charges,sales_product_charges
ORDER,any,shipping_credits,txn_ref+sku+date,sales_shipping,sales_shipping
ORDER,any,total,txn_ref+sku+date,,
ORDER,any,gift_wrap_credits,txn_ref+sku+date,sales_gift_wrap_credits,sales_gift_wrap_credits
ORDER,any,sales_tax_collected,txn_ref+sku+date,sales_product_charges,sales_product_charges
ORDER,any,sales_tax_collected,txn_ref+sku+date,sales_shipping,sales_shipping
ORDER,any,fba_fees,txn_ref+sku+date,expenses_amazon_fees,expenses_amazon_fees
ORDER,any,marketplace_withheld_tax,txn_ref+sku+date,,
A-TO-Z_GUARANTEE_CLAIM,any,product_sales,txn_ref+sku+date,expenses_other,expenses_other
A-TO-Z_GUARANTEE_CLAIM,any,selling_fees,txn_ref+sku+date,sales_amazon_fees,sales_amazon_fees
A-TO-Z_GUARANTEE_CLAIM,any,marketplace_withheld_tax,txn_ref+sku+date,,
A-TO-Z_GUARANTEE_CLAIM,any,total,txn_ref+sku+date,,
AMAZON_FEES,VINE_ENROLLMENT_FEE,selling_fees,AMAZON_FEES_VINE_ENROLLMENT_FEE+settlement_id+date,expenses_amazon_fees,expenses_amazon_fees
AMAZON_FEES,VINE_ENROLLMENT_FEE,total,AMAZON_FEES_VINE_ENROLLMENT_FEE+settlement_id+date,,
AMAZON_FEES,VINE_ENROLMENT_FEE,selling_fees,AMAZON_FEES_VINE_ENROLLMENT_FEE+settlement_id+date,expenses_amazon_fees,expenses_amazon_fees
AMAZON_FEES,VINE_ENROLMENT_FEE,total,AMAZON_FEES_VINE_ENROLLMENT_FEE+settlement_id+date,,
SERVICE_FEE,INBOUND_DEFECT_FEE,fba_fees,txn_ref+INBOUND_DEFECT_FEE+settlement_id+date,expenses_fba_fees,expenses_fba_fees
SERVICE_FEE,INBOUND_DEFECT_FEE,total,txn_ref+INBOUND_DEFECT_FEE+settlement_id+date,,
SERVICE_FEE,COST_OF_ADVERTISING,other,SERVICE_FEE_COST_OF_ADVERTISING+settlement_id+date,,
SERVICE_FEE,COST_OF_ADVERTISING,other_transaction_fees,SERVICE_FEE_COST_OF_ADVERTISING+settlement_id+date,,
SERVICE_FEE,COST_OF_ADVERTISING,total,SERVICE_FEE_COST_OF_ADVERTISING+settlement_id+date,expenses_cost_of_advertising,expenses_cost_of_advertising
SERVICE_FEE,AWD_PROCESSING_FEES,total,txn_ref+SERVICE_FEE_AWD_PROCESSING_FEES+settlement_id+date,,
SERVICE_FEE,AWD_PROCESSING_FEES,fba_fees,txn_ref+SERVICE_FEE_AWD_PROCESSING_FEES+settlement_id+date,expenses_fba_fees,expenses_fba_fees
SERVICE_FEE,COUPON_REDEMPTION_FEE,total,txn_ref+SERVICE_FEE_COUPON_REDEMPTION_FEE+settlement_id+date,expenses_other,expenses_other
SERVICE_FEE,COUPON_REDEMPTION_FEE,other,txn_ref+SERVICE_FEE_COUPON_REDEMPTION_FEE+settlement_id+date,,
SERVICE_FEE,COUPON_REDEMPTION_FEE,other_transaction_fees,txn_ref+SERVICE_FEE_COUPON_REDEMPTION_FEE+settlement_id+date,,
SERVICE_FEE,AWD_STORAGE_FEES,fba_fees,txn_ref+AWD_STORAGE_FEES+settlement_id+date,expenses_fba_fees,expenses_fba_fees
SERVICE_FEE,AWD_TRANSPORTATION_FEES,fba_fees,txn_ref+SERVICE_FEE_AWD_TRANSPORTATION_FEES+settlement_id+date,expenses_fba_fees,expenses_fba_fees
SERVICE_FEE,AWD_TRANSPORTATION_FEES,total,txn_ref+SERVICE_FEE_AWD_TRANSPORTATION_FEES+settlement_id+date,,
SERVICE_FEE,FBA_INBOUND_PLACEMENT_SERVICE_FEE,other,txn_ref+SERVICE_FEE_FBA_INBOUND_PLACEMENT_SERVICE_FEE+settlement_id+date,expenses_fba_fees,expenses_fba_fees
SERVICE_FEE,FBA_INBOUND_PLACEMENT_SERVICE_FEE,total,txn_ref+SERVICE_FEE_FBA_INBOUND_PLACEMENT_SERVICE_FEE+settlement_id+date,,
SERVICE_FEE,FBA_INTERNATIONAL_SHIPPING_CHARGE,other,txn_ref+FBA_INTERNATIONAL_SHIPPING_CHARGE+settlement_id+date,expenses_fba_fees,expenses_fba_fees
SERVICE_FEE,FBA_INTERNATIONAL_SHIPPING_CHARGE,total,txn_ref+FBA_INTERNATIONAL_SHIPPING_CHARGE+settlement_id+date,,
SERVICE_FEE,SUBSCRIPTION,other,SERVICE_FEE_SUBSCRIPTION+settlement_id+date,expenses_amazon_fees,expenses_amazon_fees
SERVICE_FEE,SUBSCRIPTION,total,SERVICE_FEE_SUBSCRIPTION+settlement_id+date,,
SERVICE_FEE,VINE_ENROLLMENT_FEE,other,txn_ref+VINE_ENROLLMENT_FEE+settlement_id+date,expenses_amazon_fees,expenses_amazon_fees
SERVICE_FEE,VINE_ENROLLMENT_FEE,total,txn_ref+VINE_ENROLLMENT_FEE+settlement_id+date,,
SERVICE_FEE,PREMIUM_SERVICES_FEE,selling_fees,txn_ref+SERVICE_FEE_PREMIUM_SERVICES_FEE+settlement_id+date,expenses_amazon_fees,expenses_amazon_fees
SERVICE_FEE,PREMIUM_SERVICES_FEE,total,txn_ref+SERVICE_FEE_PREMIUM_SERVICES_FEE+settlement_id+date,,
SHIPPING_SERVICES,RETURNPOSTAGEBILLING,total,txn_ref+SHIPPING_RETURN_POSTAGE+settlement_id+date,,
SHIPPING_SERVICES,RETURNPOSTAGEBILLING,other,txn_ref+SHIPPING_RETURN_POSTAGE+settlement_id+date,expenses_other,expenses_other
SHIPPING_SERVICES,ADJUSTMENT,other,txn_ref+SHIPPING_ADJUSTMENT+settlement_id+date,sales_other,expenses_other
SHIPPING_SERVICES,ADJUSTMENT,total,txn_ref+SHIPPING_ADJUSTMENT+settlement_id+date,,
,any,total,txn_ref+settlement_id+date,expenses_amazon_fees,expenses_amazon_fees
,any,other,txn_ref+settlement_id+date,,
,any,other_transaction_fees,txn_ref+settlement_id+date,,
CHARGEBACK_REFUND,any,fba_fees,txn_ref+sku+date,sales_amazon_fees,sales_amazon_fees
CHARGEBACK_REFUND,any,total,txn_ref+sku+date,,
CHARGEBACK_REFUND,any,selling_fees,txn_ref+sku+date,sales_amazon_fees,sales_amazon_fees
CHARGEBACK_REFUND,any,product_sales,txn_ref+sku+date,expenses_other,expenses_other
CHARGEBACK_REFUND,any,shipping_credits,txn_ref+sku+date,expenses_other,expenses_other
DEBT,any,other,OTHER_DEBT+settlement_id+date,paid_to_amazon,paid_to_amazon
DEBT,any,total,OTHER_DEBT+settlement_id+date,,
FBA_TRANSACTION_FEES,AWD_STORAGE_FEE,fba_fees,txn_ref+FBA_TRANSACTION_FEES_AWD_STORAGE_FEE+settlement_id+date,expenses_fba_fees,expenses_fba_fees
FBA_TRANSACTION_FEES,AWD_STORAGE_FEE,total,txn_ref+FBA_TRANSACTION_FEES_AWD_STORAGE_FEE+settlement_id+date,,
FBA_TRANSACTION_FEES,AWD_TRANSPORTATION_FEE,fba_fees,txn_ref+FBA_TRANSACTION_FEES_AWD_TRANSPORTATION_FEE+settlement_id+date,expenses_fba_fees,expenses_fba_fees
FBA_TRANSACTION_FEES,AWD_TRANSPORTATION_FEE,total,txn_ref+FBA_TRANSACTION_FEES_AWD_TRANSPORTATION_FEE+settlement_id+date,,
FBA_TRANSACTION_FEES,AWD_PROCESSING_FEE,fba_fees,txn_ref+FBA_TRANSACTION_FEES_AWD_PROCESSING_FEE+settlement_id+date,expenses_fba_fees,expenses_fba_fees
FBA_TRANSACTION_FEES,AWD_PROCESSING_FEE,total,txn_ref+FBA_TRANSACTION_FEES_AWD_PROCESSING_FEE+settlement_id+date,,
FBA_TRANSACTION_FEES,FBA_CUSTOMER_RETURNS_FEE,fba_fees,FBA_TRANSACTION_FEES_FBA_CUSTOMER_RETURNS_FEE+settlement_id+date,expenses_fba_fees,expenses_fba_fees
FBA_TRANSACTION_FEES,FBA_CUSTOMER_RETURNS_FEE,total,FBA_TRANSACTION_FEES_FBA_CUSTOMER_RETURNS_FEE+settlement_id+date,,
FULFILMENT_BY_AMAZON_INVENTORY_FEE,FBA_RETURN_FEE,other,txn_ref+FBA_RETURN_FEE+settlement_id+date,expenses_fba_fees,expenses_fba_fees
FULFILMENT_BY_AMAZON_INVENTORY_FEE,FBA_RETURN_FEE,total,txn_ref+FBA_RETURN_FEE+settlement_id+date,,
ORDER_RETROCHARGE,any,sales_tax_collected,txn_ref+ORDER_RETROCHARGE+settlement_id+date,sales_other,sales_other
ORDER_RETROCHARGE,any,total,txn_ref+ORDER_RETROCHARGE+settlement_id+date,,
SERVICE_FEE,REFUND_FOR_ADVERTISER,other_transaction_fees,SERVICE_FEE_REFUND_FOR_ADVERTISER+settlement_id+date,sales_other,sales_other
SERVICE_FEE,REFUND_FOR_ADVERTISER,other,SERVICE_FEE_REFUND_FOR_ADVERTISER+settlement_id+date,sales_other,sales_other
SERVICE_FEE,REFUND_FOR_ADVERTISER,total,SERVICE_FEE_REFUND_FOR_ADVERTISER+settlement_id+date,,
ADJUSTMENT,FAILED_DISBURSEMENT,total,FAILED_DISBURSEMENT+description+settlement_id+date,,
OTHERS,SELLER_REWARDS,total,SELLER_REWARDS+settlement_id+date,,
OTHERS,SELLER_REWARDS,other,SELLER_REWARDS+settlement_id+date,sales_other,sales_other
ADJUSTMENT,MULTI-CHANNEL_FULFILMENT_INVENTORY_REIMBURSEMENT_–_LOST,other,txn_ref+sku+MCF_INVENTORY_REIMBURSEMENT_LOST+settlement_id+date,sales_inventory_reimbursements,expenses_reversed_reimbursements
ADJUSTMENT,MULTI-CHANNEL_FULFILMENT_INVENTORY_REIMBURSEMENT_–_LOST,total,txn_ref+sku+MCF_INVENTORY_REIMBURSEMENT_LOST+settlement_id+date,,
FULFILMENT_BY_AMAZON_TRANSACTION_FEES,FULFILMENT_BY_AMAZON_REMOVAL_ORDER:_DISPOSAL_FEE,total,txn_ref+FBA_DISPOSAL_FEE+settlement_id+date,,
FULFILMENT_BY_AMAZON_TRANSACTION_FEES,FULFILMENT_BY_AMAZON_REMOVAL_ORDER:_DISPOSAL_FEE,fba_fees,txn_ref+FBA_DISPOSAL_FEE+settlement_id+date,expenses_fba_fees,expenses_fba_fees
FULFILMENT_BY_AMAZON_TRANSACTION_FEES,FBA_REMOVAL_ORDER:_RETURN_FEE,total,txn_ref+FBA_RETURN_FEE+settlement_id+date,,
FULFILMENT_BY_AMAZON_TRANSACTION_FEES,FBA_REMOVAL_ORDER:_RETURN_FEE,fba_fees,txn_ref+FBA_RETURN_FEE+settlement_id+date,expenses_fba_fees,expenses_fba_fees
FULFILMENT_BY_AMAZON_TRANSACTION_FEES,FULFILMENT_BY_AMAZON_(FBA)_INVENTORY_STORAGE_FEE,total,FBA_INVENTORY_STORAGE_FEE+settlement_id+date,,
FULFILMENT_BY_AMAZON_TRANSACTION_FEES,FULFILMENT_BY_AMAZON_(FBA)_INVENTORY_STORAGE_FEE,fba_fees,FBA_INVENTORY_STORAGE_FEE+settlement_id+date,expenses_fba_fees,expenses_fba_fees
FULFILMENT_BY_AMAZON_TRANSACTION_FEES,FULFILMENT_BY_AMAZON_(FBA)_LONG-TERM_STORAGE_FEE,fba_fees,FBA_INVENTORY_FEE_FBA_LONG-TERM_STORAGE_FEE+settlement_id+date,expenses_fba_fees,expenses_fba_fees
FULFILMENT_BY_AMAZON_TRANSACTION_FEES,FULFILMENT_BY_AMAZON_(FBA)_AMAZON-PARTNERED_CARRIER_SHIPMENT_FEE,total,FBA_INVENTORY_FEE_FBA_AMAZON-PARTNERED_CARRIER_SHIPMENT_FEE+settlement_id+date,,
FULFILMENT_BY_AMAZON_TRANSACTION_FEES,FULFILMENT_BY_AMAZON_(FBA)_LONG-TERM_STORAGE_FEE,total,FBA_INVENTORY_FEE_FBA_LONG-TERM_STORAGE_FEE+settlement_id+date,,
FULFILMENT_BY_AMAZON_TRANSACTION_FEES,FULFILMENT_BY_AMAZON_(FBA)_AMAZON-PARTNERED_CARRIER_SHIPMENT_FEE,fba_fees,FBA_INVENTORY_FEE_FBA_AMAZON-PARTNERED_CARRIER_SHIPMENT_FEE+settlement_id+date,expenses_fba_fees,expenses_fba_fees
ADJUSTMENT,COMMISSION_ADJUSTMENT,other,ADJUSTMENT_OTHER+settlement_id+date,total_adjustment_other_buyer_recharge_amt,total_adjustment_other_buyer_recharge_amt
